Term,Date,Headline,Category
CO2-mål,2023-01-01,Læs hele statsministerens tale: »Vi står over for store beslutninger og svære kompromiser«,Politik
klimakrisen,2023-01-01,Statsministeren holder fast: Helligdag skal sløjfes,Politik
klimakrisen,2023-01-01,Læs hele statsministerens tale: »Vi står over for store beslutninger og svære kompromiser«,Politik
klimakrisen,2023-01-01,På årets første dag forsvarede statsministeren kontroversiel beslutning - og så lancerede hun den nye regerings »vigtigste opgave«,Indland
klimaforandringer,2023-01-01,"Klimaforsker: Lomborg har fat i noget, men har ikke ret i alt",Indland
klimaforandringer,2023-01-01,Lomborg i heftig kritik af klimadebat: Fyldt med humbug og hykleri,Indland
CO2-reduktion,2023-01-01,Lomborg i heftig kritik af klimadebat: Fyldt med humbug og hykleri,Indland
CO2-reduktion,2023-01-01,Læs hele statsministerens tale: »Vi står over for store beslutninger og svære kompromiser«,Politik
CO2-udledning,2023-01-01,Lomborg i heftig kritik af klimadebat: Fyldt med humbug og hykleri,Indland
CO2-mål,2023-01-01,Skal Aarhus have mere letbane? Se letbanen køre forbi Aros og Aarhus Rådhus,JP Aarhus
klimaaftryk,2023-01-01,Skal Aarhus have mere letbane? Se letbanen køre forbi Aros og Aarhus Rådhus,JP Aarhus
global opvarmning,2023-01-01,Lomborg i heftig kritik af klimadebat: Fyldt med humbug og hykleri,Indland
klimaforandringer,2023-01-02,"Bliver 2023 et ""godt nyt år"" – eller fortsætter vi, hvor 2022 slap?",Kommentar
global opvarmning,2023-01-02,JP mener: Vi behøver kritiske røster som Lomborg,Leder
klimaforandringer,2023-01-02,Et år er lang tid i britisk politik,International debat
klimakrisen,2023-01-02,JP mener: Vi behøver kritiske røster som Lomborg,Leder
klimakrisen,2023-01-03,Greta Thunberg – de unges store stemme for klimaet,International
klimakrisen,2023-01-03,Forslag er skidt for både folkekirken og arbejdsmarked: Det er historieløst at sløjfe store bededag,Debatindlæg
klimakrise,2023-01-03,"Han har skabt en af de største energikoncerner i Danmark: »Det her firma er en del af mig, og jeg er en del af det«",JP Erhverv
CO2-mål,2023-01-05,Tiden er knap for klimamål - er længere væk end troet,Indland
klimakrisen,2023-01-06,"Sæt strøm til nu, hvis vi skal i mål med grøn omstilling",Debatindlæg
klimaforandringer,2023-01-06,Studie: Halvdelen af verdens gletsjere kan forsvinde inden 2100,International
klimakrise,2023-01-06,Krisernes mand har et evigt aktuelt fagområde,Indland
CO2-udledning,2023-01-06,Blev hentet hjem fra udlandet: Nu går direktøren af,JP Erhverv
klimaaftryk,2023-01-06,"Sæt strøm til nu, hvis vi skal i mål med grøn omstilling",Debatindlæg
klimakrisen,2023-01-07,Kommentar: Selvfølgelig skal 16-årige ikke have stemmeret,Kommentar
klimakrise,2023-01-07,Budskab fra Putin: To Nato-lande fik et kram fra Kreml,International
klimaforandringer,2023-01-07,Snemangel: Der er grønt og mudret i Alperne. Det tvinger skisports-stederne til at lukke,Europa
CO2-udledning,2023-01-07,Klimaindsatsen stækket: Tårnhøje energipriser stopper klimavenlige færger,Indland
klimaaftryk,2023-01-08,Den irriterende lillesøster: Nyt tiltag er en seriøs olfert til de klassiske modemesser,Indland
CO2-mål,2023-01-08,Analyse: Martin Lidegaard har svært ved at kæmpe sig ud af Løkkes skygge,Politik
CO2-reduktion,2023-01-08,Analyse: Martin Lidegaard har svært ved at kæmpe sig ud af Løkkes skygge,Politik
klimaforandringer,2023-01-09,Myndigheder vil evakuere amerikansk by på grund af voldsomt vejr,USA
CO2-mål,2023-01-10,Kommune er langt fra eget klimamål: Upopulære lugtfabrikker kan blive nødvendige,Indland
CO2-udledning,2023-01-10,En Kattegatbro er en trussel mod Danmarks forsyningssikkerhed,Debatindlæg
CO2-udledning,2023-01-10,Kommune er langt fra eget klimamål: Upopulære lugtfabrikker kan blive nødvendige,Indland
CO2-mål,2023-01-10,En Kattegatbro er en trussel mod Danmarks forsyningssikkerhed,Debatindlæg
klimakrisen,2023-01-11,Globale eksperter er ikke i tvivl: Her er den største risiko i verden,JP Erhverv
klimaforandringer,2023-01-11,Globale eksperter er ikke i tvivl: Her er den største risiko i verden,JP Erhverv
klimaforandringer,2023-01-13,Elitens verdensorden er døende – nu samles den for at skabe en ny,Kommentar
CO2-udledning,2023-01-13,Panik kan gøre krisen værre: Sådan kommer du igennem den,JP Erhverv
klimakrise,2023-01-13,Elitens verdensorden er døende – nu samles den for at skabe en ny,Kommentar
klimaaftryk,2023-01-13,Så lidt koster det og så kort tid tager det: I Centraleuropa giver det næsten ingen mening ikke at tage toget – og opleve flere storbyer på samme rejse,Rejser
klimaforandringer,2023-01-14,Han hader Davos og kan blive USA's næste præsident,JP Erhverv
klimakrise,2023-01-15,Nikolaj Cederholm vil møde verden med kærlighed »Jeg har været i krig det meste af mit liv«,Kultur
klimakrisen,2023-01-15,JP mener: Hér udstilles klima-dilemmaet ekstra tydeligt,Leder
klimakrise,2023-01-16,Ikke et ord om store bededag,Kommentar
klimaaftryk,2023-01-16,Nu tager de nye midler i brug for at komme af med »landbrugets skadelige prutter«,Indland
klimaaftryk,2023-01-16,Dagens tegning: I bøgernes verden,Dagens tegning
klimaaftryk,2023-01-16,Ny teknologi testes i danske landbrug: »Et væsentligt skridt på vejen mod at være klimaneutral«,Indland
CO2-udledninger,2023-01-17,SF-profiler i Aarhus: Tre krav til en havneudvidelse,Debatindlæg
CO2-mål,2023-01-18,600 til møde om Aarhus Havn: At dømme efter klapsalverne pegede stemningen i én retning,JP Aarhus
CO2-reduktion,2023-01-18,600 til møde om Aarhus Havn: At dømme efter klapsalverne pegede stemningen i én retning,JP Aarhus
CO2-mål,2023-01-18,Ny analyse: Klimaneutralitet kan nås før regeringens mål,Indland
CO2-udledning,2023-01-18,Ny analyse: Klimaneutralitet kan nås før regeringens mål,Indland
klimakrisen,2023-01-18,Glem klimaet: Energi handler om sikkerhed,JP Erhverv
klimakrise,2023-01-18,Cheføkonom ser bekymrende tegn: »2023 bliver ikke let«,JP Forside
CO2-udledninger,2023-01-18,Ny analyse: Klimaneutralitet kan nås før regeringens mål,Indland
klimakrisen,2023-01-18,"Nyt skolekoncept: Ingen lektier og karakterer, men til gengæld morgenmad og hjemmelavet frokost",JP Aarhus
klimakrisen,2023-01-20,Ny økonomisk realitet bør påvirke økonomisk tankegang,Kommentar
CO2-udledning,2023-01-20,Højere benzinpriser har fået danskerne til at sænke farten,Indland
CO2-reduktion,2023-01-21,»Bestemt ikke standardteknik«: En danskbygget markrobot kan spare landbruget for mange mandetimer,JP Erhverv
CO2-udledning,2023-01-21,»Bestemt ikke standardteknik«: En danskbygget markrobot kan spare landbruget for mange mandetimer,JP Erhverv
CO2-udledning,2023-01-21,"Bæredygtigt Landbrug: »Hvis afgiften indføres, vil den være altødelæggende for dansk landbrug«",JP Erhverv
CO2-mål,2023-01-21,"Bæredygtigt Landbrug: »Hvis afgiften indføres, vil den være altødelæggende for dansk landbrug«",JP Erhverv
CO2-udledninger,2023-01-21,"Bæredygtigt Landbrug: »Hvis afgiften indføres, vil den være altødelæggende for dansk landbrug«",JP Erhverv
klimakrise,2023-01-21,JP mener: Depressionen i Davos må ikke stå alene,Leder
klimaforandringer,2023-01-21,Professor spår negative klima-konsekvenser om hjørnet for dansk landbrug. Direktør ser gode muligheder,JP Erhverv
CO2-udledning,2023-01-22,"“Negativ CO2-udledning"" er allerede et faktum i landbruget",Debatindlæg
CO2-reduktion,2023-01-22,"“Negativ CO2-udledning"" er allerede et faktum i landbruget",Debatindlæg
CO2-mål,2023-01-22,"“Negativ CO2-udledning"" er allerede et faktum i landbruget",Debatindlæg
CO2-mål,2023-01-22,Novo-formand: »Man er simpelthen blevet fikseret på havvind og energiøer«,JP Erhverv
klimakrise,2023-01-22,"De borgerlige ligger, som de selv har redt",Kronik
CO2-udledning,2023-01-22,Novo-formand: »Man er simpelthen blevet fikseret på havvind og energiøer«,JP Erhverv
klimaaftryk,2023-01-22,Historiske bygninger i vestegnskvarter er i transformation: Fra nedlagt fængsel til dynamisk bydel,Bolig
klimaaftryk,2023-01-22,"Kommentar: Vi skal forbi myterne om, at den planterige mad er kedsommelig",Debat
CO2-reduktion,2023-01-22,Novo-formand: »Man er simpelthen blevet fikseret på havvind og energiøer«,JP Erhverv
klimakrise,2023-01-23,Specialet er den studerendes svendeprøve,Debatindlæg
klimaforandringer,2023-01-24,Kystbeskyttelsespulje rakte ikke - kommuner vil have mere,Indland
CO2-udledning,2023-01-24,"Driftchefen på Tjele Gods om ny teknologi: Har »aldrig set noget, der fungerer så godt«",Indland
CO2-reduktion,2023-01-24,"Driftchefen på Tjele Gods om ny teknologi: Har »aldrig set noget, der fungerer så godt«",Indland
CO2-mål,2023-01-25,I dag koster en p-licens 500 kr. om året: Nu vil kommunen hæve prisen i en grøn sags tjeneste,JP Aarhus
CO2-udledning,2023-01-25,"JP har spurgt tre eksperter om PFAS: Sådan påvirker det kroppen, og det kan du selv gøre",Indland
klimakrisen,2023-01-25,Vi har aldrig været tættere på undergangen: Dommedagsuret er rykket til 90 sekunder i midnat,International
CO2-udledning,2023-01-25,Knud Larsen har tunnelsyn,Debatindlæg
CO2-udledning,2023-01-25,I dag koster en p-licens 500 kr. om året: Nu vil kommunen hæve prisen i en grøn sags tjeneste,JP Aarhus
klimakrise,2023-01-25,Vi har aldrig været tættere på undergangen: Dommedagsuret er rykket til 90 sekunder i midnat,International
klimaaftryk,2023-01-26,Fortalere for havneudvidelse i Aarhus: Kommunens proces har været forbilledlig,Debatindlæg
klimaforandringer,2023-01-26,"Et Indien, vi ikke har set før: Louisianas fremragende udstilling med Gauri Gill viser mennesker, som mange middelklasseindere ved meget lidt om",Kultur
klimaforandringer,2023-01-26,Norge inviterer til historisk stor oliejagt i skrøbelige Arktis,JP Erhverv
CO2-udledning,2023-01-26,Fortalere for havneudvidelse i Aarhus: Kommunens proces har været forbilledlig,Debatindlæg
klimaaftryk,2023-01-27,Analyse af havneudvidelse sætter trumf på for borgmester: Den mest detaljerede klimaberegning i danmarkshistorien,JP Aarhus
klimaaftryk,2023-01-27,Borgmester efter ny analyse af havneudvidelse: Nu er der et »meget stærkt beslutningsgrundlag«,JP Aarhus
klimaaftryk,2023-01-28,De er på vej i Vejle. Kunne det også være noget med et tiny house ved Tange Sø?,Indland
klimakrisen,2023-01-28,Mette Frederiksen efter møde med kritisk bagland: »Jeg kan fuldstændig stå på mål for den her beslutning«,Politik
klimakrise,2023-01-29,Klimakampen er ikke ideologiløs,Kronik
CO2-reduktion,2023-01-29,Knudepunkt i Aarhus skal ændres: Partier kræver bilerne fjernet nu,JP Aarhus
klimakrisen,2023-01-29,"Publikum, opfør jer ordentligt: »Jeg er blevet overdøvet af fulde mennesker, jeg har prøvet det hele, psykisk og fysisk«",Kultur
klimaforandringer,2023-01-29,Oversvømmet New Zealand er i nødretstilstand - fire er døde,International
CO2-udledning,2023-01-30,"Hvem er det, der har ""tunnelsyn""?",Debatindlæg
klimaaftryk,2023-01-30,"»Konkurrencen bliver om muligt endnu hårdere,« forudser Arla-direktør om 2023",JP Aarhus
CO2-mål,2023-01-31,"Rejsen mod jordens indre er begyndt: Syv 2,5 km dybe brønde skal sikre 20 pct. af fjernvarmen i 2030",JP Aarhus
CO2-mål,2023-01-31,"Kraka: Lars Rebien har ret: Udbygning af grøn energi er en bunden samfundsopgave, ikke avanceret erhvervsstøtte",Debatindlæg
global opvarmning,2023-01-31,Van(d)vittig våd januar slår alle rekorder,Indland
klimakrise,2023-01-31,"Kraka: Lars Rebien har ret: Udbygning af grøn energi er en bunden samfundsopgave, ikke avanceret erhvervsstøtte",Debatindlæg
CO2-udledning,2023-01-31,"Rejsen mod jordens indre er begyndt: Syv 2,5 km dybe brønde skal sikre 20 pct. af fjernvarmen i 2030",JP Aarhus
klimaforandringer,2023-02-01,Jysks direktør har ikke forstået alvoren i klimadebatten,Debatindlæg
CO2-mål,2023-02-01,Jysks direktør har ikke forstået alvoren i klimadebatten,Debatindlæg
CO2-mål,2023-02-02,Én af byens helt gamle virksomheder landede flot millionoverskud: »Vi har aldrig følt os mere relevante end lige nu«,Indland
CO2-udledning,2023-02-02,Sønderlemmende kritik af rapport om havneudvidelse i Aarhus: »Det sker på et Teams-møde i november«,JP Aarhus
CO2-udledning,2023-02-02,Én af byens helt gamle virksomheder landede flot millionoverskud: »Vi har aldrig følt os mere relevante end lige nu«,Indland
CO2-udledning,2023-02-03,Midt i betændt havnedebat smider Venstre et nyt forslag på bordet,JP Aarhus
klimakrisen,2023-02-03,Det danske samfunds nedsmeltning: Aktuelle politiske sager i Krause-Kjærs satiriske spændingsmaskine,Litteratur
klimakrisen,2023-02-03,Ambitiøs sikkerhedspolitik bør være mere end krisehåndtering,Kronik
klimakrisen,2023-02-04,"Bør vi importere grøntsager fra Kina? Ja, mener Coop. Nej, mener en michelin-kok",Mad & Vin
klimaaftryk,2023-02-04,"Bør vi importere grøntsager fra Kina? Ja, mener Coop. Nej, mener en michelin-kok",Mad & Vin
klimakrise,2023-02-05,Store bededag udstiller illusionen om det blå Danmark,Debatindlæg
klimakrise,2023-02-05,Danskerne sender 100 millioner til verdens sårbare børn,Ritzau telegrammer
klimaforandringer,2023-02-05,USA genåbner ambassade i Salomonøerne efter 30 år: USA presser Kina på alle fronter i Asien,International
CO2-udledning,2023-02-06,Skal rumme 500.000.000 ton: Landsby med passende navn kan blive hjemsted for Danmarks første CO2-lager,Indland
CO2-mål,2023-02-06,Gigantisk underjordisk lager på vej JP Randers 06/02/2023,JP Randers Briefing
CO2-udledning,2023-02-06,Der snydes på vægten i havnedebatten,Debatindlæg
klimakrisen,2023-02-06,FN-chef: Verden nærmer sig afslutningen på dommedagsuret,Europa
klimaaftryk,2023-02-07,»Stedmoderlig« behandling: Centralt regnestykke bag omstridt udvidelse af Aarhus Havn får denne professor til at undre sig,JP Aarhus
CO2-udledning,2023-02-07,Brancheforening er ikke tilfreds: Et forslag til en havneudvidelse i Aarhus skal indeholde mere kaj,JP Aarhus
klimaforandringer,2023-02-08,Ja tak til en dansk debat om atomkraft,Debatindlæg
CO2-mål,2023-02-08,Landdistrikterne har alvorligt brug for et grønt løft,Debatindlæg
CO2-reduktion,2023-02-08,Landdistrikterne har alvorligt brug for et grønt løft,Debatindlæg
global opvarmning,2023-02-08,Rekordlav havis ved Antarktis: Kan være et varsel om et langt større problem for hele kloden,Indland
klimakrisen,2023-02-08,Krise – hvilken krise?,Kronik
CO2-udledning,2023-02-09,Der er sket noget markant med fortællingen om den omstridte udvidelse af Aarhus Havn,Kommentar
CO2-reduktion,2023-02-09,"Kan du se forskel? Her er forskellen på det hårdt kritiserede forslag til udvidelse af Aarhus Havn og det, politikerne vedtog",JP Aarhus
klimaaftryk,2023-02-09,"Kan du se forskel? Her er forskellen på det hårdt kritiserede forslag til udvidelse af Aarhus Havn og det, politikerne vedtog",JP Aarhus
klimakrisen,2023-02-09,Velfærd og frihed kommer med en pris. Derfor ryger bededag,Debatindlæg
klimakrise,2023-02-10,Hendes liv i Midtjylland er blevet til særlig litteratur: Det »er ligesom at blive forelsket igen«,Litteratur
CO2-mål,2023-02-10,Anbefaling til CO2-afgift på landbrug bliver forsinket op til et år,Indland
CO2-reduktion,2023-02-10,Anbefaling til CO2-afgift på landbrug bliver forsinket op til et år,Indland
klimaforandringer,2023-02-10,Hendes liv i Midtjylland er blevet til særlig litteratur: Det »er ligesom at blive forelsket igen«,Litteratur
klimakrisen,2023-02-10,Ministers klare melding om atomkraft får partier til at juble,Politik
klimakrisen,2023-02-10,"Ellemann gør det rigtige, men gør vi?",Kommentar
CO2-udledninger,2023-02-10,Anbefaling til CO2-afgift på landbrug bliver forsinket op til et år,Indland
klimakrisen,2023-02-11,Biden og Lula vil gå sammen om at forsvare demokratiet,International
klimaforandringer,2023-02-11,Biden og Lula vil gå sammen om at forsvare demokratiet,International
klimaforandringer,2023-02-13,"Gletsjerens bedemand: »Vi ofrer den næste generations liv for vores eget. Ikke engang for overlevelse, men for komfort«",International
klimakrisen,2023-02-13,"Gletsjerens bedemand: »Vi ofrer den næste generations liv for vores eget. Ikke engang for overlevelse, men for komfort«",International
klimakrisen,2023-02-13,Ankom midt i et storpolitisk drama: Her er Løkkes svar til Kina,International
CO2-udledning,2023-02-14,"Strøm, strøm og mere strøm: Forbrændingsmotoren skal så godt som forsvinde i 2040, mener EU",Europa
CO2-mål,2023-02-14,EU på vej med højere klimamål for lastbiler og busser,Europa
global opvarmning,2023-02-14,FN-chef: Stigende havniveau vil blandt andet ramme København,Indland
klimakrisen,2023-02-14,Det har vi lært af havneomdannelser på tværs af Europa,Debatindlæg
CO2-udledninger,2023-02-14,EU på vej med højere klimamål for lastbiler og busser,Europa
CO2-mål,2023-02-15,Forsøg på at mindske gift i drikkevand slår fejl: »Det kan vi ikke gamble med«,Indland
klimakrisen,2023-02-15,Debat: Flodbyen vil ændre Randers for altid. Men hvad har vi egentlig lært af resten af Europa?,Debatindlæg
CO2-udledning,2023-02-16,Havnedirektør giver corona skylden for misforståelser om udvidelse af Aarhus Havn,JP Aarhus
CO2-mål,2023-02-16,Havnedirektør giver corona skylden for misforståelser om udvidelse af Aarhus Havn,JP Aarhus
CO2-mål,2023-02-17,Kunne blive Danmarks største: Lovgivning har sat CO2-fangst i Aarhus på pause,JP Erhverv
CO2-udledning,2023-02-17,Foderstof kan booste landbrugets vej mod klimamål,JP Aarhus
CO2-reduktion,2023-02-17,Kunne blive Danmarks største: Lovgivning har sat CO2-fangst i Aarhus på pause,JP Erhverv
CO2-udledning,2023-02-17,Kunne blive Danmarks største: Lovgivning har sat CO2-fangst i Aarhus på pause,JP Erhverv
klimakrisen,2023-02-17,Kunne blive Danmarks største: Lovgivning har sat CO2-fangst i Aarhus på pause,JP Erhverv
CO2-mål,2023-02-18,"Kommentar: Bæredygtighed er nemlig ikke længere ”nice to have”, men ”need to have”",Debat
CO2-mål,2023-02-19,"Tyskland som militærmagt, russere på flugt - og de 18 andre forandringer ét år efter Putins invasion",International
havstigning,2023-02-20,Havet stiger hurtigere og hurtigere,Kommentar
klimakrisen,2023-02-20,Du kan først komme med i 2025: Populært kursus har to års venteliste,Indland
klimakrisen,2023-02-20,Velfærdsstaten gør deltid til asocial adfærd,Kommentar
klimaforandringer,2023-02-20,Forskere hædres for ny viden om Parkinsons og bæredygtige batterier,Indland
CO2-udledninger,2023-02-20,Klimaafgift kan gøre hele landbrugssektoren teknisk insolvent,JP Erhverv
klimaforandringer,2023-02-20,Hele nabolag står under vand efter dødeligt regnvejr i Brasilien,International
CO2-udledninger,2023-02-21,Professor om dansk klimaafgift: »Jeg vil kalde det skrupskørt«,JP Erhverv
CO2-udledning,2023-02-21,Professor om dansk klimaafgift: »Jeg vil kalde det skrupskørt«,JP Erhverv
CO2-mål,2023-02-21,Professor om dansk klimaafgift: »Jeg vil kalde det skrupskørt«,JP Erhverv
CO2-reduktion,2023-02-21,Professor om dansk klimaafgift: »Jeg vil kalde det skrupskørt«,JP Erhverv
klimaforandringer,2023-02-21,Prins Harry og hans »kællingekone« parodieres groft i tv-serie,USA
global opvarmning,2023-02-24,»Svampetruslen er gået under radaren alt for længe«: Ny tv-serie har gjort den aktuel,Kultur
klimaaftryk,2023-02-24,Krigen har været en ekstremt dyr lektie for Europa,JP Erhverv
klimaaftryk,2023-02-24,"Blandt verdens bedste: Landmand lukker produktionen, hvis der kommer ny afgift",JP Erhverv
CO2-reduktion,2023-02-24,"Blandt verdens bedste: Landmand lukker produktionen, hvis der kommer ny afgift",JP Erhverv
CO2-udledninger,2023-02-24,"Blandt verdens bedste: Landmand lukker produktionen, hvis der kommer ny afgift",JP Erhverv
CO2-udledning,2023-02-24,Hoteltårn på vej i Aarhus: 401 værelser og skybar med offentlig adgang,JP Aarhus
CO2-udledning,2023-02-24,"Blandt verdens bedste: Landmand lukker produktionen, hvis der kommer ny afgift",JP Erhverv
klimaforandringer,2023-02-24,»Svampetruslen er gået under radaren alt for længe«: Ny tv-serie har gjort den aktuel,Kultur
klimaforandringer,2023-02-25,Klumme: En lille bonderøv fra byen dasker til mægtige Arla,Debatindlæg
klimakrisen,2023-02-25,Forenede ministre: Energikrisen lever endnu. Svaret ligger lige for,Kronik
klimaangst,2023-02-26,Hun kvittede sit velbetalte job for at følge sit hjerte: »For nogle er det helt sort«,Indland
klimakrise,2023-02-27,"Se bare på Sverige, Norge og Tyskland: Kirke og stat må aldrig adskilles",Kommentar
CO2-udledning,2023-02-27,Danmarks første el-ambulance rykker ud i København tirsdag,Indland
klimaforandringer,2023-02-27,Tættere samarbejde: EU ser ny begyndelse med Storbritannien efter aftale,Europa
klimaforandringer,2023-02-27,Årets første stork har slået sig ned i Danmark,Indland
CO2-mål,2023-02-27,Danmarks første el-ambulance rykker ud i København tirsdag,Indland
CO2-reduktion,2023-02-27,Danmark er mere end nogensinde nødt til at levere et modsvar til Qatar og Saudi-Arabiens sportsoffensiv,Debatindlæg
CO2-udledninger,2023-02-28,Den nye regering satte skærpede klimamål: Nu falder dommen over indsatsen,Indland
CO2-udledning,2023-02-28,Tsunami af minister-svar løfter sløret: Her er de oversete konsekvenser af et farvel til store bededag,Politik
CO2-udledning,2023-02-28,Den nye regering satte skærpede klimamål: Nu falder dommen over indsatsen,Indland
klimaforandringer,2023-02-28,"1.800 km mod nord, hvor nordlyset maler himlen smaragdgrøn: »Jeg fortæller aldrig, hvor mange rensdyr jeg har. Det svarer til at spørge dig, hvor mange penge du har på din bankkonto«",Rejser
CO2-mål,2023-02-28,Den nye regering satte skærpede klimamål: Nu falder dommen over indsatsen,Indland
CO2-reduktion,2023-02-28,Den nye regering satte skærpede klimamål: Nu falder dommen over indsatsen,Indland
CO2-udledning,2023-03-02,Nysgerrigheden har altid drevet Thomas Boberg: »Jeg kunne godt tænke mig at prøve det der MDMA«,Rejser
klimakrisen,2023-03-03,19 minutter inde i interviewet sker der noget: Ny minister blander sig i »farlig« debat,Kultur
CO2-mål,2023-03-04,Danskerne skal genanvende mere: Det får kommuner og affaldsselskaber til at gøre noget helt uventet,Indland
CO2-mål,2023-03-04,Aarhus står uden klimachef: Rådmand overvejer om stillingen skal genbesættes,JP Aarhus
klimakrise,2023-03-05,"»Vi glæder os til næste valg«: Særligt én person stod for skud, da aarhusianere samledes i protest",JP Aarhus
klimaforandringer,2023-03-06,Det grønne Danmark har brug for folkelig opbakning,Kronik
CO2-mål,2023-03-07,Lego satser milliarder: Gennembruddet mangler for miljøvenlig Lego-klods,JP Erhverv
CO2-udledning,2023-03-07,Kronprinsens opkald skal bane vej for et nyt milliardeventyr i Nordsøen,JP Erhverv
CO2-udledning,2023-03-07,Det er så yndigt at følges ad,Kommentar
CO2-udledning,2023-03-07,Lego satser milliarder: Gennembruddet mangler for miljøvenlig Lego-klods,JP Erhverv
klimakrisen,2023-03-08,"Danmarkspremiere på CO2-lagring: Minister afviser, at han oversælger teknologisk fix",JP Erhverv
CO2-mål,2023-03-08,"Danmarkspremiere på CO2-lagring: Minister afviser, at han oversælger teknologisk fix",JP Erhverv
CO2-mål,2023-03-09,"Jorden var udstukket, men nu bremser udvalg solcelle-satsning: »Det kan da godt være, at vi ikke når i mål«",Indland
CO2-udledning,2023-03-10,Ny måling: Her er Danmarks største klimaskurke,JP Forside
CO2-udledning,2023-03-10,Talrige store Aarhus-projekter: I fjor ansatte de 70 – i år forventes 30 nye medarbejdere,JP Aarhus
klimaforandringer,2023-03-10,Ny måling: Her er Danmarks største klimaskurke,JP Forside
klimakrise,2023-03-10,Ny måling: Her er Danmarks største klimaskurke,JP Forside
CO2-udledning,2023-03-11,Rikke Berg Mørch skiftede spor som 40-årig: Sagde farvel til god løn for at gå på SU,Indland
global opvarmning,2023-03-11,Hvor er dine favoritsteder i Vejle?: Her kommer 11 skarpe bud fra dagens klummeskribent,Debatindlæg
klimaaftryk,2023-03-12,En verdensstjerne og en grøn stjerne: Kendte navne styrer mod Aarhus,JP Aarhus
CO2-udledning,2023-03-12,De er fælles om en have: I Beder er 40 familier næsten selvforsynende med grøntsager,Livsstil
klimasynder,2023-03-12,"Anne Stampe Arndt og kæresten er på vej mod Japan i bil: »Det er øjeblikke, hvor man har lyst til at tage det første fly hjem, som er fedest at se tilbage på«",Rejser
klimakrisen,2023-03-12,De er fælles om en have: I Beder er 40 familier næsten selvforsynende med grøntsager,Livsstil
klimakrisen,2023-03-12,Saudiarabisk oliegigant tjente enormt milliardbeløb i 2022,International
klimakrisen,2023-03-12,Grænselandet skal have sin del af EU-jernbaneudspil,Debatindlæg
CO2-udledning,2023-03-13,Det er ikke nødvendigvis besværligt at bygge bæredygtigt: »Det gælder om at gøre op med vanetænkningen«​,Bolig
klimakrisen,2023-03-13,Togentusiast Peter Kristensen har ikke fløjet i årevis: »Jeg elsker at falde i søvn til togets hyggelige lyde«,Rejser
CO2-udledning,2023-03-13,Dan Jørgensen inviterer ledere fra hele verden til klimamøde,Politik
global opvarmning,2023-03-13,Dan Jørgensen inviterer ledere fra hele verden til klimamøde,Politik
CO2-udledning,2023-03-13,"Borgmester om borgersamling: »Man kan træffe nok så mange beslutninger, men hvis vi ikke har borgerne med, så kommer det ikke til at ske«",JP Aarhus
klimakrise,2023-03-13,Aarhus’ politiske top har fået storhedsvanvid. Det går ud over klima og kulturliv i byen,Debatindlæg
klimaforandringer,2023-03-13,Med kødfanatiske læger som Peter Gøtzsche tegner fremtiden dyster for klimaet og sundheden,Debatindlæg
klimaforandringer,2023-03-13,Dan Jørgensen inviterer ledere fra hele verden til klimamøde,Politik
CO2-mål,2023-03-13,Tidligere ministre har fundet guldæg: »Nu har vi løsningerne til grøn omstilling«,Indland
klimakrisen,2023-03-17,"Regeringen vil så gerne have, at krisen bliver lidt længere",Debatindlæg
klimakrise,2023-03-17,Opsang til regeringsplaner for kirker: »Det er en hån mod enhver form for kultur«,Indland
klimaforandringer,2023-03-17,Malawiere leder efter lig i mudderhelvede efter cyklonen Freddy,International
klimaforandringer,2023-03-18,Læserbrev: Mit socialdemokratiske hjerte bløder – men..,Debatindlæg
klimakrisen,2023-03-18,Helt ny eksotisk afgrøde er kommet til: På en italiensk ø tvinger klimakrisen landmændene til at tilpasse sig,Livsstil
klimaforandringer,2023-03-18,Selv hendes tøjstil har vakt opsigt: Men særligt ét interview har nu sat gang i en farlig debat,International
klimaforandringer,2023-03-18,Helt ny eksotisk afgrøde er kommet til: På en italiensk ø tvinger klimakrisen landmændene til at tilpasse sig,Livsstil
klimaforandringer,2023-03-19,"De bygger demo-huse: Nyt projekt skal vise, hvordan vi kan bo i stigende vandstande",Indland
klimaaftryk,2023-03-19,»Den bedste pizza nogensinde«: Men noget skuffer fælt,Indland
CO2-mål,2023-03-20,Ny klimarapport: Baggrunden for klimapolitikken har aldrig været mere dyster,Kronik
CO2-udledninger,2023-03-20,Ny klimarapport slår alarm: En enkelt stemme maner til besindighed,Indland
CO2-mål,2023-03-20,Ny klimarapport slår alarm: En enkelt stemme maner til besindighed,Indland
CO2-mål,2023-03-20,Havvind er nøglen til et uafhængigt Europa,Debatindlæg
global opvarmning,2023-03-20,Ny klimarapport slår alarm: En enkelt stemme maner til besindighed,Indland
klimaforandringer,2023-03-20,Ny klimarapport slår alarm: En enkelt stemme maner til besindighed,Indland
CO2-udledning,2023-03-20,Ny klimarapport: Baggrunden for klimapolitikken har aldrig været mere dyster,Kronik
CO2-udledninger,2023-03-20,Ny klimarapport: Baggrunden for klimapolitikken har aldrig været mere dyster,Kronik
CO2-udledning,2023-03-20,Ny klimarapport slår alarm: En enkelt stemme maner til besindighed,Indland
CO2-reduktion,2023-03-21,Du er ikke en CO2-klaptorsk,Debatindlæg
klimaforandringer,2023-03-21,Thunberg og co. får grønt lys til at sagsøge den svenske stat,Europa
klimakrisen,2023-03-21,Thunberg og co. får grønt lys til at sagsøge den svenske stat,Europa
klimakrisen,2023-03-22,"Ængstelige familiefædre udgiver nye sange: »Vi er blevet for gamle til sex, drugs and rock'n'roll«",Indland
klimakrise,2023-03-22,"Ængstelige familiefædre udgiver nye sange: »Vi er blevet for gamle til sex, drugs and rock'n'roll«",Indland
klimaforandringer,2023-03-23,"Klimateater: Andrea har givet op og venter bare på, at det hele er overstået, og Jorden går under",JP Aarhus
klimakrise,2023-03-24,"100 dage med ny regering: Det er nemmere at lave resultater, når man ikke spænder ben for hinanden",Debatindlæg
klimaaftryk,2023-03-24,Ny toprestaurant får kun 10 borde: Sådan jagter kendte kulinariske skikkelser endnu en michelinstjerne til Aarhus,JP Aarhus
CO2-udledning,2023-03-24,"Hun blev født i Brønshøj det år, Hitler kom til magten – og blev Doña Karen i Costa Rica",Kronik
klimakrisen,2023-03-25,Klumme: En af kristendommens kernebudskaber provokerer præsten,Debatindlæg
CO2-mål,2023-03-25,Kristendemokraterne vil have atomkraft i Danmark,Politik
CO2-mål,2023-03-25,"JP faktatjekker: Se, hvilke løfter regeringspartierne har holdt og brudt",Politik
klimaaftryk,2023-03-26,"Antallet af klager er eksploderet: Forbrugerråd vil have elregninger, der er til at forstå",Ritzau telegrammer
klimaforandringer,2023-03-27,Dyrere klimamål ender som SMV-skat,Debatindlæg
CO2-reduktion,2023-03-27,Dyrere klimamål ender som SMV-skat,Debatindlæg
CO2-mål,2023-03-27,"Så meget koster 1 kg oksekød, og derfor er frugtsaft dyrere end diesel i Aarhus",JP Aarhus
CO2-udledning,2023-03-27,"Så meget koster 1 kg oksekød, og derfor er frugtsaft dyrere end diesel i Aarhus",JP Aarhus
CO2-mål,2023-03-27,Dyrere klimamål ender som SMV-skat,Debatindlæg
CO2-reduktion,2023-03-27,"Så meget koster 1 kg oksekød, og derfor er frugtsaft dyrere end diesel i Aarhus",JP Aarhus
CO2-udledninger,2023-03-28,Lad os få solceller på tagene af landets udlejningsejendomme,Debatindlæg
klimaaftryk,2023-03-28,"Hvis alle var som os, gik Jorden i sort i dag: Her er fire konkrete råd, du kan følge",Kultur
CO2-reduktion,2023-03-29,Stop tilskud til biogas: 85 pct. af gassen eksporteres,Debatindlæg
CO2-mål,2023-03-29,Regeringen er klar til et opgør med barrierer mod grøn omstilling,Kronik
klimakrise,2023-03-29,"Her taler mennesker, vi sjældent hører om",Litteratur
CO2-reduktion,2023-03-30,Svarer til 12.600 fodboldbaner: Et skovområde større end Rold Skov skal rejses i Randers,Indland
klimakrisen,2023-03-30,Det her burde alle partier tale om,Kronik
CO2-udledning,2023-03-30,Svarer til 12.600 fodboldbaner: Et skovområde større end Rold Skov skal rejses i Randers,Indland
klimaaftryk,2023-03-30,Svarer til 12.600 fodboldbaner: Et skovområde større end Rold Skov skal rejses i Randers,Indland
klimakrisen,2023-03-30,Regeringen er i gang med at rive generationskontrakten over,Debatindlæg
klimakrisen,2023-04-01,EL og R: Naivt at løse flygtningekrisen med pigtråd,Politik
klimakrisen,2023-04-01,Thøger Kirk rejser til USA i ny sæson af klimaprogram: »Jeg kommer aldrig til at udskamme nogen for at tage en tur til Thailand«,Rejser
klimaaftryk,2023-04-01,Thøger Kirk rejser til USA i ny sæson af klimaprogram: »Jeg kommer aldrig til at udskamme nogen for at tage en tur til Thailand«,Rejser
klimakrise,2023-04-01,Høns i parcelhushaven: Hvad kræver det?,Livsstil
klimaforandringer,2023-04-02,"700 km vandrestier i Alentejo-området: Korkskove, storke og vinmagerkunst fra romertiden",Rejser
CO2-udledning,2023-04-02,"Lad dem beholde skatten for sig selv i byerne, når de er så glade for den",Debatindlæg
CO2-reduktion,2023-04-03,Biogasbranchen: Gør det attraktivt for danske virksomheder at købe ustøttet biogas,Debatindlæg
klimaangst,2023-04-03,"”Historien om mig” er 90 minutters overfladisk pingpong om, at Jorden er ved at gå under",Teater
klimaforandringer,2023-04-03,"”Historien om mig” er 90 minutters overfladisk pingpong om, at Jorden er ved at gå under",Teater
klimakrise,2023-04-03,Forskningens troværdighed skal genoprettes,Kronik
CO2-mål,2023-04-04,Prisvindende spahotel oplever stigende efterspørgsel på én ting: Nu starter afgørende satsning,Indland
klimakrisen,2023-04-08,Siger du stadig nej tak til atomkraft? Kvinden bag verdenskendt logo har »overvejet det spørgsmål meget nøje«,JP Aarhus
klimaforandringer,2023-04-08,Siger du stadig nej tak til atomkraft? Kvinden bag verdenskendt logo har »overvejet det spørgsmål meget nøje«,JP Aarhus
CO2-reduktion,2023-04-09,"Borgere må igen sige farvel til bussen: »Det er en dødsspiral, vi er kommet ind i«",Indland
klimakrisen,2023-04-10,"At være i opposition er vel andet og mere end bare at sige nej, nej og atter nej",Debatindlæg
CO2-udledninger,2023-04-11,"Ny EU-aftale vækker forhåbning om et løst dilemma: »Spørgsmålet er bare, om det er realistisk«",JP Erhverv
klimakrise,2023-04-11,Privat aktør vil jagte gas i Nordsøen trods politisk stop,Politik
CO2-reduktion,2023-04-11,"Ny EU-aftale vækker forhåbning om et løst dilemma: »Spørgsmålet er bare, om det er realistisk«",JP Erhverv
klimakrisen,2023-04-11,Privat aktør vil jagte gas i Nordsøen trods politisk stop,Politik
CO2-udledning,2023-04-11,"Ny EU-aftale vækker forhåbning om et løst dilemma: »Spørgsmålet er bare, om det er realistisk«",JP Erhverv
klimaforandringer,2023-04-11,IMF: Inflationen bliver meget svær at få bugt med,JP Erhverv
klimakrise,2023-04-12,EL melder sig ud af finansloven: Regeringen vil ikke flytte sig,Politik
CO2-reduktion,2023-04-12,Regeringens nye vejafgift er mere rød end grøn,Debatindlæg
CO2-mål,2023-04-12,Ny alliance skal gøre klimaplaner til handling i kommunerne,Indland
klimaaftryk,2023-04-12,Ny guide skal hjælpe turister,JP Aarhus
klimakrisen,2023-04-12,Norsk olieselskab vil udvinde gas fra Nordsøen trods politisk ønske,Indland
CO2-reduktion,2023-04-12,Hvor langt er vi med den grønne omstilling?,Kronik
CO2-udledning,2023-04-12,Ny alliance skal gøre klimaplaner til handling i kommunerne,Indland
CO2-reduktion,2023-04-12,Ny alliance skal gøre klimaplaner til handling i kommunerne,Indland
klimaforandringer,2023-04-14,Vandring på Marskstien: »For mig giver det en kæmpe ro at blive renset og blæst igennem«,Rejser
klimakrise,2023-04-14,NRGi skaber værdi for andelshaverne,Debatindlæg
global opvarmning,2023-04-14,"JP mener: Joe Biden ligner ikke just en mand, der kan bunde en pint",Leder
CO2-udledning,2023-04-15,Tømrerne gemmer hamp i væggene: Skole i Horsens udvikler fremtidens huse,Indland
CO2-reduktion,2023-04-15,Forureneren skal betale – det gælder vel også biogasanlægget i Spørring?,Debatindlæg
CO2-reduktion,2023-04-16,Klimaaftrykket skal ned: Men det kunne man ikke se i Danmarks næststørste kommune i 2022,JP Aarhus
CO2-mål,2023-04-16,Klimaaftrykket skal ned: Men det kunne man ikke se i Danmarks næststørste kommune i 2022,JP Aarhus
CO2-udledninger,2023-04-16,Klimaaftrykket skal ned: Men det kunne man ikke se i Danmarks næststørste kommune i 2022,JP Aarhus
CO2-udledning,2023-04-16,Klimaaftrykket skal ned: Men det kunne man ikke se i Danmarks næststørste kommune i 2022,JP Aarhus
CO2-mål,2023-04-17,Massive grønne ordrebøger bliver kaldt den største transition i shippinghistorien,JP Erhverv
CO2-udledninger,2023-04-17,Massive grønne ordrebøger bliver kaldt den største transition i shippinghistorien,JP Erhverv
CO2-udledning,2023-04-18,Københavns Kommune sænker fartgrænsen med ti kilometer i timen,Indland
klimakrise,2023-04-18,"Er danskerne uerkendte koloniherrer? »I årevis brugte folk ordet ""neger"", selv om jeg frabad mig det«",Kultur
klimaaftryk,2023-04-19,»Det var forfærdeligt«: Fisker-brødre lander millionoverskud efter stormfuldt år,Indland
CO2-mål,2023-04-19,Opsigtsvækkende melding: Ny model skal redde havmølleparker,JP Erhverv
CO2-mål,2023-04-19,Sund konkurrence styrker vores velfærd,Debatindlæg
klimakrisen,2023-04-19,Sund konkurrence styrker vores velfærd,Debatindlæg
CO2-reduktion,2023-04-19,Sund konkurrence styrker vores velfærd,Debatindlæg
CO2-udledning,2023-04-20,Mere landbrugsjord tages ud af drift til gavn for klimaet,Indland
klimaforandringer,2023-04-20,"Satellitter afslører: »Det er totalt tydeligt, hvad der sker på iskapperne«",Indland
CO2-mål,2023-04-20,Mere landbrugsjord tages ud af drift til gavn for klimaet,Indland
CO2-mål,2023-04-20,"Landbrug & Fødevarer: Landmænd bidrager til grøn omstilling i flere brancher, men det tæller ikke i vores regnskab",Debatindlæg
CO2-udledning,2023-04-20,"Venstre advarede om, at ny afgift ville ramme landdistrikterne: Men nu er V-minister blevet klogere",Politik
CO2-udledning,2023-04-20,"Hvis man virkelig vil være grøn, skal man hurtigst muligt lægge alle planer om en Kattegatforbindelse i graven",Debatindlæg
CO2-reduktion,2023-04-20,Klimaråd kalder regeringsplan om planter i benzin en lappeløsning,Politik
klimaforandringer,2023-04-20,Sommeren 2022 var den varmeste nogensinde i Europa,International
CO2-udledning,2023-04-21,"Kommunen bestilte en analyse med elbiler i en nøglerolle: Nu er den færdig, og resultatet er »monster skræmmende«",JP Aarhus
CO2-mål,2023-04-21,"Kommunen bestilte en analyse med elbiler i en nøglerolle: Nu er den færdig, og resultatet er »monster skræmmende«",JP Aarhus
klimaforandringer,2023-04-21,Udsigt til omfattende tørke vækker bekymring i EU,Europa
klimakrisen,2023-04-21,Life science er en afgørende dansk spidskompetence,Kronik
klimakrisen,2023-04-21,Siger farvel til drømmejob: »Der skal være rene linjer«,JP Erhverv
CO2-udledning,2023-04-21,Danske løsninger skal sikre vedvarende energi i Kina,Politik
CO2-reduktion,2023-04-21,"Kommunen bestilte en analyse med elbiler i en nøglerolle: Nu er den færdig, og resultatet er »monster skræmmende«",JP Aarhus
CO2-mål,2023-04-21,Danske løsninger skal sikre vedvarende energi i Kina,Politik
CO2-udledning,2023-04-22,"Der er blevet sagt vilde ting i havnedebatten. Nu er det ved at være nok. Vi er uenige, ikke fjender",Debatindlæg
CO2-mål,2023-04-23,"Analyse: Efter Ellemann venter to nye, svære dilemmaer for Venstre",Politik
klimaforandringer,2023-04-23,"Professor og klimakriger: Kunsten har et enormt potentiale, når det handler om at skabe mere bæredygtig adfærd",JP Aarhus
CO2-udledninger,2023-04-23,"Vi skal en anden vej, og det starter nu",Debatindlæg
CO2-reduktion,2023-04-23,"Vi skal en anden vej, og det starter nu",Debatindlæg
CO2-udledning,2023-04-23,Biden vil gøre kraftværker tæt på CO2-neutrale i 2040,USA
CO2-udledninger,2023-04-23,Biden vil gøre kraftværker tæt på CO2-neutrale i 2040,USA
CO2-udledning,2023-04-23,"Vi skal en anden vej, og det starter nu",Debatindlæg
klimaforandringer,2023-04-24,Regeringen vil øremærke udviklingsbistand til klimahjælp,Politik
havstigninger,2023-04-24,Beskyt havnen og jer selv,Debatindlæg
klimakrise,2023-04-26,Minister overvejer gasfelt trods klimaløfte: »Det harmonerer super godt«,Indland
klimaforandringer,2023-04-26,Danmark lover klimahjælp til Fiji med millionaftale,Indland
klimaforandringer,2023-04-26,Nu går den ikke længere: EU-landene skal sænke deres gæld,Europa
klimakrisen,2023-04-26,"Engang var Kristian Leth selv bange for fremtiden – nu taler han for, at unge skal turde drømme om den",Kultur
CO2-udledning,2023-04-26,Vinduesgigant vender kæmpe minus til kæmpe overskud - men HR-chef vil hellere snakke om noget helt andet,Indland
CO2-udledning,2023-04-26,"Alle veje i Aarhus står for skud: Flertal vil sænke hastigheden i centrum, i oplandsbyer og på motorveje",JP Aarhus
CO2-mål,2023-04-27,"Kære Jakob Søgaard Clausen, du burde udvise mere tillid til vores ældre medborgere",Debatindlæg
klimakrisen,2023-04-27,"Kære Jakob Søgaard Clausen, du burde udvise mere tillid til vores ældre medborgere",Debatindlæg
klimakrisen,2023-04-28,Derfor ødelægger woke-begrebet vores vigtigste erhvervsdebat,Kommentar
CO2-udledning,2023-04-28,"Optimist i pessimismens tid: »Jeg er træt af, at alt skal iscenesættes som en dyb eksistentiel krise«",Litteratur
klimaforandringer,2023-04-28,Derfor ødelægger woke-begrebet vores vigtigste erhvervsdebat,Kommentar
klimakrise,2023-04-28,Derfor ødelægger woke-begrebet vores vigtigste erhvervsdebat,Kommentar
CO2-mål,2023-04-28,Viborg skal være grøn på varme: Her er planen - og prisen,Indland
CO2-reduktion,2023-04-29,Kommentar: Linser og kikærter skal ikke på jordomrejse,Debat
klimaaftryk,2023-04-29,"Et bæredygtigt landbrug: »Det er greenwashing at sige, at teknologien løser klimamæssige problemer«",JP Erhverv
klimaaftryk,2023-04-29,Fremtidens kødproduktion i Danmark: Denne landmand går imod strømmen,JP Erhverv
klimaaftryk,2023-04-29,Det er afgørende for de ældre at have nogen at snakke med - og ikke om klimaafgifter på oksekød eller ej,Debatindlæg
CO2-mål,2023-04-29,Fremtidens kødproduktion i Danmark: Denne landmand går imod strømmen,JP Erhverv
CO2-udledninger,2023-04-29,Fremtidens kødproduktion i Danmark: Denne landmand går imod strømmen,JP Erhverv
CO2-mål,2023-04-29,"Et bæredygtigt landbrug: »Det er greenwashing at sige, at teknologien løser klimamæssige problemer«",JP Erhverv
klimakrisen,2023-04-29,Fremtidens kødproduktion i Danmark: Denne landmand går imod strømmen,JP Erhverv
klimaforandringer,2023-04-29,Hvorfor er nogle så bange for humørforladte moralister? Hvorfor tager man wokebølgen alvorligt?,Debatindlæg
klimakrise,2023-04-30,Politikere skulle tage sig en tænkepause,Kronik
CO2-udledning,2023-05-01,"»Det beviser, at greenwashing virker«: Pensionskæmpe satser stort på kontroversiel klimasynder",JP Erhverv
CO2-udledning,2023-05-01,"Aarhus lukker sig om sig selv. Bor man udenfor byen, er man ikke velkommen",Debatindlæg
klimasynder,2023-05-01,"»Det beviser, at greenwashing virker«: Pensionskæmpe satser stort på kontroversiel klimasynder",JP Erhverv
klimakrise,2023-05-01,"»Det er sgu ikke okay«: Mette Frederiksen burde være populær i dette kvarter. Nej, viste det sig",Politik
CO2-mål,2023-05-01,"»Det beviser, at greenwashing virker«: Pensionskæmpe satser stort på kontroversiel klimasynder",JP Erhverv
CO2-udledninger,2023-05-01,"»Det beviser, at greenwashing virker«: Pensionskæmpe satser stort på kontroversiel klimasynder",JP Erhverv
klimaforandringer,2023-05-02,Indien kæmper for det globale syd,International
klimaforandringer,2023-05-03,"Oscar-vinder: »Jeg synes, at Rusland gør det fremragende med atomenergi«",Kultur
klimakrisen,2023-05-03,Europa-Parlamentet er ikke et hold kæft-bolsje,Debatindlæg
klimaforandringer,2023-05-05,Samisk kunstner udstiller spektakulære skulpturer i Skånes dybeste skov,Rejser
klimakrisen,2023-05-05,»En historisk milepæl«: 26 kæmpe vindmøller har kurs mod Øresund,Indland
klimakrisen,2023-05-06,Drop klimapolitikken – for naturens skyld,Debatindlæg
CO2-mål,2023-05-06,Lever i stilhed med 140 ansatte: Men det bliver der nu lavet om på,Indland
CO2-mål,2023-05-06,"Kød er i modvind, men Ole Østberg importerer fra hele verden og sælger i stor stil",Mad & Vin
klimaaftryk,2023-05-06,"Kød er i modvind, men Ole Østberg importerer fra hele verden og sælger i stor stil",Mad & Vin
global opvarmning,2023-05-06,"Fotoserie af prisvindende fotograf vises snart i København: »Mine bedste billeder er et resultat af, at jeg har brugt ugevis på at skabe tillid til de lokale«",Rejser
klimakrisen,2023-05-06,"Kød er i modvind, men Ole Østberg importerer fra hele verden og sælger i stor stil",Mad & Vin
CO2-udledning,2023-05-06,Venstre kalder forslag om bilfrit område i det centrale Aarhus for chikane,JP Aarhus
CO2-udledning,2023-05-08,"Lovforslag er potentiel bombe: Regningen kan ende hos dig, der modtager fjernvarme",Indland
CO2-udledning,2023-05-08,I 2025 får stor dansk by varme fra jordens indre: Geotermisk varme skal give klimagevinst,JP Aarhus
global opvarmning,2023-05-08,En vild idé skal støtte kampen mod klimaforandringer: Nu er en særlig robot på vej mod Grønland,Indland
klimaforandringer,2023-05-08,En vild idé skal støtte kampen mod klimaforandringer: Nu er en særlig robot på vej mod Grønland,Indland
CO2-mål,2023-05-08,I 2025 får stor dansk by varme fra jordens indre: Geotermisk varme skal give klimagevinst,JP Aarhus
CO2-mål,2023-05-08,"Lovforslag er potentiel bombe: Regningen kan ende hos dig, der modtager fjernvarme",Indland
klimakrisen,2023-05-09,EU-samarbejdet er afgørende for Danmark,Kronik
CO2-udledning,2023-05-10,90 pct. af udledningerne forsvinder: Snart bliver en klimatung virksomhed meget mere klimavenlig,JP Aarhus
CO2-mål,2023-05-10,"»Det er altså vildt,« lød det fra klimaministeren. Men er det nu også det?",Politik
CO2-reduktion,2023-05-10,90 pct. af udledningerne forsvinder: Snart bliver en klimatung virksomhed meget mere klimavenlig,JP Aarhus
klimakrisen,2023-05-10,EU bliver Danmarks vigtigste allierede,International debat
CO2-udledninger,2023-05-10,90 pct. af udledningerne forsvinder: Snart bliver en klimatung virksomhed meget mere klimavenlig,JP Aarhus
CO2-udledning,2023-05-10,Borgmester afviser: Intet forbud mod benzinbiler på vej,Indland
klimaaftryk,2023-05-12,Lørdag bliver stor demo-dag: Aarhus er med i grøn protestdag,JP Aarhus
klimakrise,2023-05-13,"Flere, højere, større vindmøller: Det er en alvorlig fejl i processen på den måde at se bort fra naturen, det billige skidt",Debatindlæg
havstigning,2023-05-13,"Før betalte du boligbidrag til dig selv, nu betaler du til aktionærerne",Kommentar
CO2-mål,2023-05-13,Slut med benzin- og dieseltaxaer indenfor et par år,Indland
klimaaftryk,2023-05-14,"Kødkritisk madanmelder måtte overgive sig: »Jeg ved ikke, om jeg skal knibe en tåre«",Indland
CO2-reduktion,2023-05-15,Bag blokaden: Derfor er vognmændene så vrede,Indland
klimaforandringer,2023-05-15,Flere dræbt og hundredvis kvæstet af cyklon i Myanmar,Asien
CO2-mål,2023-05-15,Regering uden visioner: I har ikke andet end vækst i hovedet,Debatindlæg
CO2-reduktion,2023-05-15,Ørsted skal som de første lagre CO2 i stor skala,Indland
klimaforandringer,2023-05-15,Regeringschef roser Mette Frederiksen i spillet om international toppost,Politik
klimakrisen,2023-05-15,Regering uden visioner: I har ikke andet end vækst i hovedet,Debatindlæg
klimaforandringer,2023-05-16,Chatbot-ejer drømmer om at løse klimakrisen og kurere kræft,International
klimakrisen,2023-05-16,Lastvogne bruges i protest mod afgift: Generer trafik flere steder,Indland
klimakrise,2023-05-16,Nye alliancer er på vej: Her er essensen af Lars Løkkes nye udenrigsstrategi,JP Erhverv
CO2-mål,2023-05-16,Har Socialdemokratiet opgivet de unge?,Kronik
klimakrisen,2023-05-16,Chatbot-ejer drømmer om at løse klimakrisen og kurere kræft,International
CO2-udledninger,2023-05-17,Hollands største lufthavn ønsker forbud mod privatfly,Rejser
klimaforandringer,2023-05-17,Hollands største lufthavn ønsker forbud mod privatfly,Rejser
klimaforandringer,2023-05-17,Forsvarets tilstand er et kollektivt svigt. Lad os undgå endnu ét,Kronik
global opvarmning,2023-05-17,"Global opvarmning tæt på at overstige 1,5 grader",International
klimakrise,2023-05-17,Droner overalt: Storby har ansat ham til at tegne fremtiden,Indland
CO2-reduktion,2023-05-17,Varm luft fra kommunen om biogas,Debatindlæg
CO2-udledning,2023-05-17,Hollands største lufthavn ønsker forbud mod privatfly,Rejser
klimakrisen,2023-05-18,"Overblikket er væk: Vi har ikke en plan for, hvordan det skal gå videre herfra",Debatindlæg
klimaforandringer,2023-05-18,Regeringen er tavs om den rigtige bæredygtighed,Kommentar
global opvarmning,2023-05-18,Vandmængden svinder ind i mange af verdens store søer,International
CO2-mål,2023-05-18,Regeringen er tavs om den rigtige bæredygtighed,Kommentar
klimaforandring,2023-05-18,Regeringen er tavs om den rigtige bæredygtighed,Kommentar
klimakrisen,2023-05-19,"JP mener: Kriserne er dampet af. Men hvad så, Mette Frederiksen?",Leder
CO2-mål,2023-05-19,Der bliver længere og længere mellem land og by. Vi skal have forbindelseslinjerne genoprettet,Debatindlæg
CO2-udledning,2023-05-20,Ny strategi skal reducere kødforbruget: Kan de ældre stadig få flæskesteg eller ej?,Indland
CO2-mål,2023-05-20,Ny strategi skal reducere kødforbruget: Kan de ældre stadig få flæskesteg eller ej?,Indland
klimaforandringer,2023-05-20,Klimaforandringer er noget sært diffust noget. Indtil man står i mudder til knæene. Bare spørg i Italien,Kommentar
klimakrisen,2023-05-20,Nye lastbil-blokader under opsejling,Indland
klimaaftryk,2023-05-21,Læserbrev: Derfor skal vi overveje at sælge bygninger for en én-krone,Debatindlæg
klimakrise,2023-05-22,Vi har så travlt med at pudse klimaglorien,Debatindlæg
klimaforandringer,2023-05-22,Her er solcellerne et oprør mod de gamle kolonimagter,International debat
klimaforandringer,2023-05-22,Stor lysfestival fremhæver Sydneys ikoniske arkitektur,Rejser
CO2-mål,2023-05-23,Skal lokke bilister over i bussen: Kommunalt flertal vil videre med kæmpe millionprojekt,JP Aarhus
CO2-mål,2023-05-23,"Opråb til lastbilchauffører: Stop klynkeriet, og tag ansvaret på jer",Debatindlæg
CO2-mål,2023-05-23,Det offentlige udleder for meget,Debatindlæg
CO2-udledninger,2023-05-23,"Opråb til lastbilchauffører: Stop klynkeriet, og tag ansvaret på jer",Debatindlæg
CO2-udledninger,2023-05-23,Vi har ingen chance for at nå verdens klimamål uden energieffektivitet,Kronik
klimakrisen,2023-05-23,"Kilometervis af brintrør skal graves ned i Danmark: »Tingene rykker simpelthen hurtigere, end folk troede, det var muligt«",JP Forside
CO2-udledning,2023-05-23,Vi har ingen chance for at nå verdens klimamål uden energieffektivitet,Kronik
CO2-udledning,2023-05-23,Skal lokke bilister over i bussen: Kommunalt flertal vil videre med kæmpe millionprojekt,JP Aarhus
klimaforandringer,2023-05-23,Mette Frederiksen rejser til USA,Politik
klimaforandringer,2023-05-23,Stort studie: Knap halvdelen af alle dyrebestande skrumper,International
CO2-udledning,2023-05-23,Det offentlige udleder for meget,Debatindlæg
CO2-reduktion,2023-05-23,Skal lokke bilister over i bussen: Kommunalt flertal vil videre med kæmpe millionprojekt,JP Aarhus
CO2-reduktion,2023-05-23,Det er gået over forventning: Så meget er CO2-udledningen faldet i Horsens,Indland
CO2-udledning,2023-05-23,"Opråb til lastbilchauffører: Stop klynkeriet, og tag ansvaret på jer",Debatindlæg
CO2-udledning,2023-05-23,Det er gået over forventning: Så meget er CO2-udledningen faldet i Horsens,Indland
klimaforandringer,2023-05-24,Danmark hjælper Niger med knap en milliard kroner,Indland
CO2-udledning,2023-05-24,"Bageri-gigant går frem, men direktør vender tommelfingeren nedad: »Vi har gjort alt, hvad vi kunne, men i sidste ende er resultatet ikke tilfredsstillende«",Indland
CO2-udledninger,2023-05-24,Frankrig forbyder korte flyveture – bør Danmark gøre det samme?,Politik
klimakrise,2023-05-24,Der er lyspunkter i klodens tilstand – men et forventet lyspunkt udeblev,International debat
klimaaftryk,2023-05-25,Køkkenkæde trodser marked i knæ: »Det er det svært at være helt utilfreds med«,Indland
klimaforandringer,2023-05-25,Drama for alle pengene: Livets og dødens teater,Kultur
CO2-udledning,2023-05-25,Hvad skal retfærdiggøre de enorme omkostninger ved en havneudvidelse?,Debatindlæg
CO2-mål,2023-05-26,Har haft flere internationale lederstillinger: Statsejet selskab henter ny profil fra Novo Nordisk,Indland
klimakrise,2023-05-26,"Her er den skjulte defekt, der kan koste din virksomhed livet",Kommentar
klimaforandringer,2023-05-28,Hun ville bare redde sit æsel. Nu er hun et tragisk symbol på Europas nye mareridt,Europa
klimaforandringer,2023-05-28,Danskernes yndlingsemne: Hvorfor giver vejrtjenesterne forskellige prognoser?,Indland
klimakrisen,2023-05-28,Hun ville bare redde sit æsel. Nu er hun et tragisk symbol på Europas nye mareridt,Europa
CO2-udledning,2023-05-28,Tusindvis af festivalgæster skal teste det: Nu bliver din kaffekop sporet,Indland
klimasynder,2023-05-28,De plejede at tjene millioner. Nu er bundlinjen blodrød: Stigende elpriser har kostet dyrt hos en af Danmarks største CO2-udledere,Indland
klimakrisen,2023-05-28,Tre litteraturfestivaler i juni er også en mulighed for at komme ud i det grønne,Rejser
havstigning,2023-05-28,Hun ville bare redde sit æsel. Nu er hun et tragisk symbol på Europas nye mareridt,Europa
klimakrise,2023-05-28,Hun ville bare redde sit æsel. Nu er hun et tragisk symbol på Europas nye mareridt,Europa
klimaaftryk,2023-05-29,Er koens tid ved at rinde ud? Kommune vil afskaffe skolemælk i klimaets navn,Indland
CO2-mål,2023-05-29,Tømrer er træt af sprækkerne: Derfor har vejlenserne fået sværere ved at komme af med pappet,Indland
CO2-mål,2023-05-29,Er koens tid ved at rinde ud? Kommune vil afskaffe skolemælk i klimaets navn,Indland
klimasynder,2023-05-29,Er koens tid ved at rinde ud? Kommune vil afskaffe skolemælk i klimaets navn,Indland
CO2-udledninger,2023-05-29,Er koens tid ved at rinde ud? Kommune vil afskaffe skolemælk i klimaets navn,Indland
CO2-udledninger,2023-05-30,"En bemærkning langt nede i et lovforslag viser, hvorfor vrede vognmænd brugte deres lastbiler til at blokere trafikken",Indland
klimasynder,2023-05-30,JP Horsens briefing 31.5,JP Horsens Briefing
CO2-mål,2023-05-30,"En bemærkning langt nede i et lovforslag viser, hvorfor vrede vognmænd brugte deres lastbiler til at blokere trafikken",Indland
CO2-reduktion,2023-05-30,"En bemærkning langt nede i et lovforslag viser, hvorfor vrede vognmænd brugte deres lastbiler til at blokere trafikken",Indland
klimasynder,2023-05-31,"»Det er en kæmpe tragedie«: Byggefirmaer gør det hver dag, og det gav Per Andreasen og Jeppe Quottrup ondt i maven - nu vil de problemet til livs",Indland
klimaforandringer,2023-05-31,Mette Frederiksen har ladet chat-robot skrive tale: Advarer om misbrug og svimlende perspektiver,Politik
klimaaftryk,2023-05-31,Sådan undgår man endnu et nyt system,Debatindlæg
klimakrisen,2023-05-31,Radikale vil grundlovssikre borgeres ret til bedre klima og miljø,Politik
CO2-udledning,2023-05-31,Sådan undgår man endnu et nyt system,Debatindlæg
CO2-udledninger,2023-06-01,"Vi er ét skridt tættere på det, Mette Frederiksen frygtede: »Det er Udkantsdanmark, der kommer til at betale for det her«",Politik
CO2-udledning,2023-06-01,Slut med papirlagner og engangskopper: »Hverken mine kolleger eller de gravide spørger efter det«,Indland
CO2-mål,2023-06-01,"Vi er ét skridt tættere på det, Mette Frederiksen frygtede: »Det er Udkantsdanmark, der kommer til at betale for det her«",Politik
global opvarmning,2023-06-01,Dette må du ikke gå glip af på Northside: En kommende rap-legende og en ny Medina,Kultur
CO2-udledning,2023-06-01,Folketinget vedtager omstridt lov om vejafgift for lastbiler,Indland
CO2-udledning,2023-06-02,Kartofler på Storebæltsbroen var en protestaktion,Indland
klimaaftryk,2023-06-02,Topkarakter til ny gourmet-restaurant: »Den ret giver mig gåsehud«,Mad & Vin
klimaforandringer,2023-06-02,Russerne kommer – klimapolitik er storpolitisk forsvarspolitik,Kommentar
klimaforandringer,2023-06-04,Kina dundrer mod asiatiske kliker med Nato-format,International
klimakrisen,2023-06-05,"Biden roste statsministeren: Men da han fik spørgsmålet, alle savner svar på, blev han tavs",Indland
klimaforandringer,2023-06-05,Livet er tungest i forstæderne og sjovest på landet og i storbyen,Indland
CO2-udledning,2023-06-06,Nyt budget for København vedtaget - Enhedslisten holdt uden for døren,Politik
klimaforandringer,2023-06-06,Ringede hjem fra toppen – kom aldrig ned: Historisk mange døde på Mount Everest,Asien
klimaforandringer,2023-06-06,Gigantinvestor: Disse 5 megatrends vil forme aktiemarkedet,JP Erhverv
klimaaftryk,2023-06-07,Ekspertorgan: Klimaeffekt fra Danmarks grønne eksport overvurderes,Politik
CO2-mål,2023-06-07,Danmark har over 20 år til at nå målet: Havn giver sig selv langt færre år,Indland
CO2-udledning,2023-06-07,Debat: Havneudvidelsen er ikke én stemme værd,Debatindlæg
CO2-udledning,2023-06-07,Danmark har over 20 år til at nå målet: Havn giver sig selv langt færre år,Indland
CO2-udledninger,2023-06-07,Ekspertorgan: Klimaeffekt fra Danmarks grønne eksport overvurderes,Politik
klimakrisen,2023-06-07,Debat: Havneudvidelsen er ikke én stemme værd,Debatindlæg
CO2-udledning,2023-06-08,Italienske oste sviner: Mejerigigant tester 80 ton plastik,Indland
CO2-udledning,2023-06-08,Det bedste råd fra en klimaforsker i jagten på svar: Følg pengene,JP Aarhus
klimaaftryk,2023-06-08,Det bedste råd fra en klimaforsker i jagten på svar: Følg pengene,JP Aarhus
CO2-udledning,2023-06-09,"Skæbnetimen nærmer sig for skøjtebanen: »Alle er enige om, at det er en kæmpe beslutning«",Indland
CO2-mål,2023-06-09,"Skæbnetimen nærmer sig for skøjtebanen: »Alle er enige om, at det er en kæmpe beslutning«",Indland
CO2-udledninger,2023-06-09,Transportgigant finansierer flåde af elektriske lastbiler via intern skat,Indland
klimakrise,2023-06-09,Tre meningsdannere: Disse temaer bør stå øverst på politikernes dagsorden ved Folkemødet,Politik
klimakrise,2023-06-09,"Formidabel roman om en ukuelig lingvist, 5.600 birketræer og en stenet lavagrund",Litteratur
CO2-udledning,2023-06-09,Odense har vedtaget markant lavere hastigheder for biler,Politik
CO2-reduktion,2023-06-09,"Skæbnetimen nærmer sig for skøjtebanen: »Alle er enige om, at det er en kæmpe beslutning«",Indland
klimaforandringer,2023-06-09,JP mener: Verden har ikke brug for The Trump Show,Leder
CO2-mål,2023-06-10,"Øjenlægen, der mener, at motorsport er en del af løsningen på klimakrisen",Sport
klimaforandringer,2023-06-10,Nina Ewald om verdens største haveshow: Selv ukrudtet er nøje planlagt på Chelsea Flower Show,Bolig
klimaforandringer,2023-06-10,Henrik Dahl er valgt som Liberal Alliances spidskandidat til EU-valg,Politik
klimakrisen,2023-06-10,"Øjenlægen, der mener, at motorsport er en del af løsningen på klimakrisen",Sport
CO2-udledning,2023-06-10,"Øjenlægen, der mener, at motorsport er en del af løsningen på klimakrisen",Sport
klimakrisen,2023-06-11,"Tårerne flød, da bremser ødelagde triumf for dansk motorstjerne",Sport
klimaaftryk,2023-06-12,Efter bare to måneder: Lokale restauratører får særlig Michelin-stjerne,Indland
klimaaftryk,2023-06-12,"Michelinhæder i Aarhus efter blot to måneder: »Det er vildt, og jeg er ekstremt stolt«",JP Aarhus
CO2-reduktion,2023-06-12,"Folketinget tager fejl: Vi bør brænde mere affald af, ikke mindre",Kronik
klimaforandringer,2023-06-13,Børn og personale bliver syge af at trække vejret: »Der skal findes en løsning - senest næste sommer«,Indland
CO2-mål,2023-06-13,Bill Gates vil hjælpe Novo Nordisk Fonden med »epokegørende« tiltag,JP Erhverv
klimaaftryk,2023-06-13,Turistchef efter grøn stjerne til Aarhus-restaurant: »Det passer perfekt ind i vores fortælling som en grøn destination«,JP Aarhus
klimakrise,2023-06-14,"En besked på Aula ramte retfærdigheds-følelsen: »Jeg synes, det er urimeligt at tage sådan en glæde væk fra børnene«",JP Aarhus
CO2-mål,2023-06-14,Skøjtebanens fremtid er afgjort - i hvert fald hvis det står til udvalg,Indland
klimaangst,2023-06-14,"En besked på Aula ramte retfærdigheds-følelsen: »Jeg synes, det er urimeligt at tage sådan en glæde væk fra børnene«",JP Aarhus
CO2-reduktion,2023-06-14,Skøjtebanens fremtid er afgjort - i hvert fald hvis det står til udvalg,Indland
CO2-udledning,2023-06-14,Skøjtebanens fremtid er afgjort - i hvert fald hvis det står til udvalg,Indland
klimaaftryk,2023-06-14,Skøjtebanens fremtid er afgjort - i hvert fald hvis det står til udvalg,Indland
CO2-reduktion,2023-06-15,EU's klimaråd vil have 90-95 procents CO2-reduktion inden 2040,Europa
global opvarmning,2023-06-15,Mangel på vand: Hård tørke i Danmark afslører forældet system,Indland
klimaforandringer,2023-06-15,Rekordvarm juni måned overskrider kritisk klimagrænse,International
klimaforandringer,2023-06-15,EU's klimaråd vil have 90-95 procents CO2-reduktion inden 2040,Europa
CO2-mål,2023-06-15,"Central gade kan blive lukket: Her er planen, der skal få færre til at tage bilen til midtbyen",Indland
CO2-mål,2023-06-15,EU's klimaråd vil have 90-95 procents CO2-reduktion inden 2040,Europa
CO2-udledning,2023-06-15,EU's klimaråd vil have 90-95 procents CO2-reduktion inden 2040,Europa
CO2-udledninger,2023-06-15,Grønne ærkefantaster har dobbeltstandarder,Debatindlæg
CO2-mål,2023-06-15,Grønne ærkefantaster har dobbeltstandarder,Debatindlæg
CO2-udledning,2023-06-15,Grønne ærkefantaster har dobbeltstandarder,Debatindlæg
klimakrisen,2023-06-15,"Kommentar: Spørgsmål er der nok af. Det er svarene, der er vigtige",Debat
klimakrise,2023-06-15,Debatter med kristent fortegn: Foreningen Himmel & Jord er på Folkemødet for at »så værdier«,Indland
CO2-udledning,2023-06-17,Prisen er faldet 500.000 kr.: En ny Porsche er en ægte afgiftsvinder og i øvrigt en fremragende SUV,Biler
klimaforandringer,2023-06-17,Danmark bør beholde Nordøstgrønland,Debatindlæg
klimaforandringer,2023-06-17,Pludselig blev det alvor for dansk krigsskib ved Grønland - men i virkeligheden er opgaven alt for stor,Indland
klimaforandringer,2023-06-18,Krigen om vandet: Nogle rige blæser på bøder for højt vandforbrug,Europa
klimaforandring,2023-06-19,Kom nu med det klimamærke,Debatindlæg
CO2-mål,2023-06-19,FN-traktat åbner for bedre beskyttelse af havene,Politik
CO2-mål,2023-06-19,Kom nu med det klimamærke,Debatindlæg
klimaaftryk,2023-06-19,Kom nu med det klimamærke,Debatindlæg
klimaforandringer,2023-06-19,FN-traktat åbner for bedre beskyttelse af havene,Politik
klimakrisen,2023-06-20,Havnepartier: Aftalen understøtter den grønne omstilling og bidrager til at styrke vores havmiljø,Debatindlæg
CO2-mål,2023-06-20,Havnepartier: Aftalen understøtter den grønne omstilling og bidrager til at styrke vores havmiljø,Debatindlæg
CO2-udledning,2023-06-20,Havnepartier: Aftalen understøtter den grønne omstilling og bidrager til at styrke vores havmiljø,Debatindlæg
klimakrisen,2023-06-20,Naturaftale på plads med snævert flertal blandt EU-lande,Europa
klimaforandringer,2023-06-20,"Tabte flere hundrede tusinde kroner på tørke: Så meget fik landmanden i erstatning, da det begyndte at regne",Indland
klimasynder,2023-06-20,"""Strukturtilpasning""? Nej, kan du stave til konkurs og tvangsauktion?",Debatindlæg
CO2-reduktion,2023-06-21,Kampen om Aalborg Portland og klimaet er også kampen om arbejdspladser. Det glemte venstrefløjen,Kronik
CO2-udledninger,2023-06-21,Kampen om Aalborg Portland og klimaet er også kampen om arbejdspladser. Det glemte venstrefløjen,Kronik
CO2-mål,2023-06-21,Kampen om Aalborg Portland og klimaet er også kampen om arbejdspladser. Det glemte venstrefløjen,Kronik
CO2-udledning,2023-06-22,SAS og 16 andre luftfartsselskaber anklages for greenwashing,Europa
global opvarmning,2023-06-22,Blinken i Beijing: Hvor længe holder de gode miner til det slette spil?,International debat
CO2-mål,2023-06-22,"Kommunen skal understøtte initiativerne, når transportbranchen ønsker at tage medansvar for den grønne omstilling",Debatindlæg
CO2-udledninger,2023-06-22,SAS og 16 andre luftfartsselskaber anklages for greenwashing,Europa
CO2-udledning,2023-06-23,Giver det værdi at rive ned?,Debatindlæg
global opvarmning,2023-06-23,"Verden, som vi kendte den, er ændret for altid",Kronik
klimaforandringer,2023-06-23,100 lande enige om globale finansreformer,International
CO2-reduktion,2023-06-24,En fossilfri fremtid kræver mindre affald,Debatindlæg
CO2-udledning,2023-06-24,En fossilfri fremtid kræver mindre affald,Debatindlæg
klimakrise,2023-06-24,"Tv-program inspirerede Mike Bracegirdle og hans danske kone til at flytte fra Watford til Samsø: Med sig tog de en skør idé, som nu er på vej til at blive til virkelighed",Rejser
CO2-udledning,2023-06-24,Hvem taler om retfærdighed i den grønne omstilling? Den snak er vi nødt til at tage,Kronik
klimakrise,2023-06-25,"Skyd ikke budbringeren, Kristian Pihl Lorentzen",Debatindlæg
klimaforandringer,2023-06-26,"Lapperier er ikke længere nok. Tørken skal forandre landbruget, så det passer til en ny tid",Debatindlæg
klimakrise,2023-06-26,"Lapperier er ikke længere nok. Tørken skal forandre landbruget, så det passer til en ny tid",Debatindlæg
CO2-udledninger,2023-06-27,Forfatter til bog om bæredygtige rejser: Derfor flyver jeg med god samvittighed,Rejser
CO2-udledning,2023-06-27,Forfatter til bog om bæredygtige rejser: Derfor flyver jeg med god samvittighed,Rejser
CO2-mål,2023-06-27,Forfatter til bog om bæredygtige rejser: Derfor flyver jeg med god samvittighed,Rejser
CO2-udledning,2023-06-28,Skæbnemøde for fremtidens grønne skibsfart: »Det kan blive en decideret gamechanger«,JP Erhverv
CO2-reduktion,2023-06-28,Skæbnemøde for fremtidens grønne skibsfart: »Det kan blive en decideret gamechanger«,JP Erhverv
CO2-mål,2023-06-28,Skæbnemøde for fremtidens grønne skibsfart: »Det kan blive en decideret gamechanger«,JP Erhverv
CO2-udledninger,2023-06-28,Skæbnemøde for fremtidens grønne skibsfart: »Det kan blive en decideret gamechanger«,JP Erhverv
CO2-udledninger,2023-06-29,Klimakamp til søs: Den danske shippingindustri kæmper for at blive beskattet,JP Erhverv
klimaforandringer,2023-06-29,Kong Charles skruer ned for varmen for klimaets skyld,Ritzau telegrammer
klimakrise,2023-06-30,Dansk Erhverv: Skær i støtten – og let så skatten,Kronik
CO2-udledning,2023-06-30,Forhandlinger om første klimamål fortsætter efter ferien,Politik
klimaforandringer,2023-07-02,USA er verdens største trussel ifølge erfaren præsidentrådgiver,International
global opvarmning,2023-07-03,"Dilemma: En miljømæssig succes har stor, skadelig effekt på klimaet",Indland
CO2-udledning,2023-07-03,"Dilemma: En miljømæssig succes har stor, skadelig effekt på klimaet",Indland
klimakrisen,2023-07-03,Hver tredje skoleelev oplever bekymringer om klimakrisen i hverdagen,Indland
klimaforandringer,2023-07-03,Hver tredje skoleelev oplever bekymringer om klimakrisen i hverdagen,Indland
CO2-udledning,2023-07-04,"Vært på populær podcast: »Jo, visse rejser er vigtigere end andre«",Rejser
klimaforandringer,2023-07-04,Mandag var den varmeste dag nogensinde målt globalt,International
klimakrisen,2023-07-04,"Vært på populær podcast: »Jo, visse rejser er vigtigere end andre«",Rejser
klimaforandringer,2023-07-05,EU-Kommissionen vil tillade genmodificerede fødevarer,Europa
global opvarmning,2023-07-06,Professor om varmerekord: »Det er der tre årsager til«,Indland
CO2-reduktion,2023-07-07,Med aftale skal klimagasser fra skibe hastigt nedsættes,International
klimaforandringer,2023-07-07,Med aftale skal klimagasser fra skibe hastigt nedsættes,International
klimaforandringer,2023-07-07,Ekstrem tørke truer millioner af trækfugle og friske jordbær,Europa
klimaforandring,2023-07-07,Ekstrem tørke truer millioner af trækfugle og friske jordbær,Europa
CO2-udledning,2023-07-07,Med aftale skal klimagasser fra skibe hastigt nedsættes,International
CO2-mål,2023-07-07,Med aftale skal klimagasser fra skibe hastigt nedsættes,International
klimakrisen,2023-07-07,Med aftale skal klimagasser fra skibe hastigt nedsættes,International
CO2-udledninger,2023-07-07,Med aftale skal klimagasser fra skibe hastigt nedsættes,International
klimaforandringer,2023-07-07,Verden har slået uofficiel varmerekord for fjerde dag i træk,International
CO2-mål,2023-07-08,"Et usædvanligt træhus: »Det kommer aldrig til at ligne noget af det andet, der ligger her på vejen«",Bolig
klimaforandringer,2023-07-09,USA's finansminister melder om fremgang i forholdet til Kina,International
CO2-udledning,2023-07-09,"Forfatter bag nyt arkitektonisk værk: »Vi skal passe på, at vi ikke tæppebomber landet med de samme boligklodser«",Rejser
klimakrisen,2023-07-09,"Forfatter bag nyt arkitektonisk værk: »Vi skal passe på, at vi ikke tæppebomber landet med de samme boligklodser«",Rejser
klimakrisen,2023-07-10,Klimaaktivister skyder sig selv i foden med deres bøvede aktioner,Kronik
klimaforandringer,2023-07-10,Klimaaktivister skyder sig selv i foden med deres bøvede aktioner,Kronik
klimakrisen,2023-07-12,Visionært selskab har givet nattoget en uventet renæssance i Europa,Rejser
CO2-udledning,2023-07-12,Sidsel Marie Lysgaard har stort set ikke købt nyt tøj i to år. På den måde er hun slet ikke som os andre,Kultur
klimakrisen,2023-07-12,EU-Parlamentet godkender omfattende og omstridt naturlov,Europa
klimaforandringer,2023-07-13,VU: Send folkepensionen på pension,Debatindlæg
klimaforandringer,2023-07-13,50 grader eller over: Smertegrænsen er ved at være nået for skoldhede feriebyer,Indland
CO2-mål,2023-07-13,Europa står ved en energi- og klimapolitisk korsvej,Kronik
klimakrisen,2023-07-13,Kunstig intelligens skal bruges med omtanke: Kan gå ud over bestemte befolkningsgrupper,JP Erhverv
klimakrisen,2023-07-13,Klimaaktivister afbrød trafikken i Hamburg Lufthavn,Europa
klimakrisen,2023-07-13,JP mener: Danskernes overdrevne tøjspild kalder på helt nye løsninger,Leder
klimaforandringer,2023-07-13,Cocktail af farlige vejrfænomener rammer USA på samme tid,USA
klimakrise,2023-07-13,Klimakrav skal gøre en forskel for klimaet og virksomheder,Kommentar
global opvarmning,2023-07-13,50 grader eller over: Smertegrænsen er ved at være nået for skoldhede feriebyer,Indland
CO2-udledning,2023-07-17,Data er det nye bacon: Danish Crown satser på avanceret teknologi midt i dyb krise,JP Erhverv
CO2-udledning,2023-07-17,USA og Kina genåbner diplomati for at bremse klimakatastrofe,International
klimaforandringer,2023-07-18,Professor om rekordtemperaturer: »Vi er på ukendt territorium«,International
global opvarmning,2023-07-20,Klimaforsker peger på tre ingredienser i uheldig hedecocktail,Europa
CO2-mål,2023-07-20,"Skat står i vejen: »Vi vil aldrig bede nogen om at cykle på elcykel, hvis det kommer til at koste dem penge«",JP Aarhus
global opvarmning,2023-07-20,Europa lider i den ekstreme varme: Men en anden vejrtype koster langt flere menneskeliv,Indland
CO2-udledning,2023-07-20,Forsinket med 24 år: Den nye Femernbro bliver meget mindre grøn end først antaget,JP Erhverv
CO2-udledning,2023-07-20,"Skat står i vejen: »Vi vil aldrig bede nogen om at cykle på elcykel, hvis det kommer til at koste dem penge«",JP Aarhus
CO2-mål,2023-07-20,Forsinket med 24 år: Den nye Femernbro bliver meget mindre grøn end først antaget,JP Erhverv
klimaaftryk,2023-07-20,Forsinket med 24 år: Den nye Femernbro bliver meget mindre grøn end først antaget,JP Erhverv
global opvarmning,2023-07-20,"Is fra hemmelig militærbase i Grønland skulle smides ud: Nu afslører den, hvor hurtigt havet kan stige",Indland
klimaangst,2023-07-21,Kære politikere – børn og unge forventer mere af jer,Kronik
klimakrisen,2023-07-21,"Else Skjold råber op på forbrugernes vegne: »Hvis vi skal have en politik mod engangsplast, burde meget tøj være forbudt«",Kultur
klimaforandringer,2023-07-21,Kære politikere – børn og unge forventer mere af jer,Kronik
CO2-udledning,2023-07-21,"Else Skjold råber op på forbrugernes vegne: »Hvis vi skal have en politik mod engangsplast, burde meget tøj være forbudt«",Kultur
klimakrise,2023-07-21,"Else Skjold råber op på forbrugernes vegne: »Hvis vi skal have en politik mod engangsplast, burde meget tøj være forbudt«",Kultur
klimakrisen,2023-07-21,Partiformand tror på mirakler: »Ser det enormt realistisk ud? Nej. Men håb har jeg stadig.«,Politik
klimaangst,2023-07-22,"Med numsen klæbet fast til kørebanen tror de, at verdens undergang og frelse er i deres hænder",Kommentar
klimakrise,2023-07-23,"Bildæk, plastikkasser og murbrokker – usædvanlige idéer kan sagtens indarbejdes i en almindelig have",Bolig
klimaforandringer,2023-07-23,Valget i Spanien kan flytte magten til landets yderste højre,Europa
klimaforandringer,2023-07-23,Vi burde gå i panik. Vi burde lægge vore vaner om. Vi burde kræve mere handling,Kommentar
klimakrisen,2023-07-24,Topnavne lægger vejen forbi Aarhus Festuge,JP Aarhus
klimakrisen,2023-07-24,Svensk politi fjerner Thunberg fra protest kort efter bødestraf,Europa
klimaforandringer,2023-07-24,Aarhus er en ung by og går foran: Tøj hænger til salg på tillidsstativer uden for hoveddøren,JP Aarhus
klimakrise,2023-07-24,Svensk politi fjerner Thunberg fra protest kort efter bødestraf,Europa
klimakrisen,2023-07-25,"At rejse over grænsen i hverdagen skal ikke være et eventyr, man begiver sig ud på. Det skal være effektivt og grønt",Debatindlæg
klimaforandringer,2023-07-25,Klimaforandringer spillede overvældende rolle i juli-hedebølger,International
global opvarmning,2023-07-25,"Forsker advarer: Kollaps af vigtig havstrøm er tættere på, end vi tror",Viden
CO2-udledning,2023-07-25,Norsk Elbilforening skoser Danmark for at have sovet i timen,Indland
klimaforandringer,2023-07-25,"Forsker advarer: Kollaps af vigtig havstrøm er tættere på, end vi tror",Viden
CO2-mål,2023-07-25,Norsk Elbilforening skoser Danmark for at have sovet i timen,Indland
CO2-udledning,2023-07-26,Charterrejsen er ikke længere en rettighed,Kommentar
CO2-mål,2023-07-26,Charterrejsen er ikke længere en rettighed,Kommentar
klimaforandringer,2023-07-26,Havet når spabadstemperatur i Florida og sætter mulig rekord,International
global opvarmning,2023-07-26,Havet når spabadstemperatur i Florida og sætter mulig rekord,International
klimaforandringer,2023-07-26,Teenagepige er blandt fem omkomne i ekstremt italiensk vejr,International
CO2-mål,2023-07-27,"DI afviser klimakritik: »Når der er sat nogle mål, så skal de selvfølgelig også efterleves«",JP Erhverv
CO2-mål,2023-07-27,"Sakker bagud: Nummer et stikker af, mens andenpladsen vakler for A.P. Møller-Mærsk",JP Erhverv
CO2-udledninger,2023-07-27,"Sakker bagud: Nummer et stikker af, mens andenpladsen vakler for A.P. Møller-Mærsk",JP Erhverv
CO2-udledning,2023-07-27,"DI afviser klimakritik: »Når der er sat nogle mål, så skal de selvfølgelig også efterleves«",JP Erhverv
klimaforandringer,2023-07-27,FN-chef: Vi går fra global opvarmning til global kogning,International
klimakrisen,2023-07-27,"Hvem tager ansvaret, når skuden synker?",Kronik
global opvarmning,2023-07-27,FN-chef: Vi går fra global opvarmning til global kogning,International
global opvarmning,2023-07-27,Ekstremt vejr hærger det meste af verden: Danmark kommer ikke til at gå fri,Indland
klimaforandringer,2023-07-27,Ekstremt vejr hærger det meste af verden: Danmark kommer ikke til at gå fri,Indland
CO2-udledninger,2023-07-27,"DI afviser klimakritik: »Når der er sat nogle mål, så skal de selvfølgelig også efterleves«",JP Erhverv
klimaforandringer,2023-07-28,Farlig hedebølge venter hver anden amerikaner i weekenden,USA
klimaforandringer,2023-07-28,"En af Danmarks dyreste direktører: »Jeg har et problem med, at du fokuserer på mig«",JP Erhverv
global opvarmning,2023-07-28,Dagens tegning: Global opvarmning,Dagens tegning
klimaforandringer,2023-07-29,Grækenland: Mennesker har startet de fleste af landets skovbrande,Europa
CO2-udledninger,2023-07-29,Grækenland: Mennesker har startet de fleste af landets skovbrande,Europa
klimaforandringer,2023-07-29,Den truede tiger er i fremgang i Bhutan,Asien
CO2-udledning,2023-07-29,"Vi er dybt uansvarlige, når vi fortsætter med at importere fossilbiler",Debatindlæg
klimaforandringer,2023-07-29,Gennembrud i isforskning kan ændre prognoser for havvandsstigninger,Indland
CO2-reduktion,2023-07-29,"Vi er dybt uansvarlige, når vi fortsætter med at importere fossilbiler",Debatindlæg
klimakrise,2023-07-29,Grækenland: Mennesker har startet de fleste af landets skovbrande,Europa
klimakrisen,2023-07-30,Blinde vinkler på klimakrisen,Debatindlæg
klimaforandringer,2023-07-30,Britisk premierminister støtter mere olie- og gasefterforskning,Europa
klimaforandringer,2023-07-31,FN: Venedig bør komme på liste over truet verdensarv,Europa
klimaforandringer,2023-07-31,Havis er mærkværdigvis smeltet: »Noget har ændret sig radikalt«,Viden
CO2-mål,2023-08-01,Hård kritik: Danske virksomheder fører klimakamp i blinde,JP Forside
klimakrise,2023-08-01,Hård kritik: Danske virksomheder fører klimakamp i blinde,JP Forside
klimakrisen,2023-08-01,Hård kritik: Danske virksomheder fører klimakamp i blinde,JP Forside
klimaforandringer,2023-08-01,Ørsted sagsøgt: Milliardrabat kaldes ulovlig,JP Erhverv
klimaforandringer,2023-08-01,Hård kritik: Danske virksomheder fører klimakamp i blinde,JP Forside
CO2-udledninger,2023-08-01,Hård kritik: Danske virksomheder fører klimakamp i blinde,JP Forside
CO2-udledning,2023-08-01,Hård kritik: Danske virksomheder fører klimakamp i blinde,JP Forside
klimaforandringer,2023-08-02,"Klimaforandringerne er blevet enighedens motorvej, men heldigvis er der sideveje",Debatindlæg
klimaforandringer,2023-08-02,"Høje temperaturer har tvunget sort-hvidt rovdyr til Danmark: Ikke sidste gang vi ser det, vurderer ekspert",Indland
CO2-mål,2023-08-03,Lyt til europæerne i den grønne omstilling,Debatindlæg
klimaforandringer,2023-08-03,Chile måler de varmeste vintertemperaturer i 70 år,International
klimaforandringer,2023-08-03,Lyt til europæerne i den grønne omstilling,Debatindlæg
global opvarmning,2023-08-03,Chile måler de varmeste vintertemperaturer i 70 år,International
global opvarmning,2023-08-04,Verdenshavenes overfladetemperatur har aldrig været højere,Viden
CO2-udledning,2023-08-04,Eksperter: Milliardregnen over energimarkedet fortsætter i årevis,JP Erhverv
klimaforandringer,2023-08-04,Loch Ness-uhyrets hjemsted er ramt af klimaforandringer,Europa
klimaforandringer,2023-08-05,Canada står midt i den værste skovbrandssæson nogensinde,International
global opvarmning,2023-08-05,Verdenshavenes overfladetemperatur har aldrig været højere,International
global opvarmning,2023-08-06,"Frygt er blevet til virkelighed: »Zelenskyj er en flink fyr, men han har ikke styr på alt…«",International
CO2-reduktion,2023-08-07,"Vi skal vide mere om, hvordan forskningsinvesteringer bedst bidrager til den grønne omstilling",Debatindlæg
klimakrisen,2023-08-07,Klimabureaukrati må ikke spænde ben for den grønne omstilling,Debatindlæg
CO2-reduktion,2023-08-07,Vilde løfter: 11 topchefer giver baghjul til Danmarks samlede klimamål,JP Erhverv
CO2-udledninger,2023-08-07,Danske ESG-fonde halter stadig efter klimamål,JP Erhverv
CO2-udledninger,2023-08-07,Vilde løfter: 11 topchefer giver baghjul til Danmarks samlede klimamål,JP Erhverv
CO2-mål,2023-08-07,Vilde løfter: 11 topchefer giver baghjul til Danmarks samlede klimamål,JP Erhverv
klimakrise,2023-08-07,Klimabureaukrati må ikke spænde ben for den grønne omstilling,Debatindlæg
CO2-mål,2023-08-07,Danske ESG-fonde halter stadig efter klimamål,JP Erhverv
CO2-udledning,2023-08-07,Vilde løfter: 11 topchefer giver baghjul til Danmarks samlede klimamål,JP Erhverv
CO2-mål,2023-08-07,"Vi skal vide mere om, hvordan forskningsinvesteringer bedst bidrager til den grønne omstilling",Debatindlæg
CO2-udledninger,2023-08-07,"Vi skal vide mere om, hvordan forskningsinvesteringer bedst bidrager til den grønne omstilling",Debatindlæg
CO2-mål,2023-08-09,"Ny alliance skaber håb for verdens største regnskov: Nu skal Amazonas reddes, før det er for sent",International
klimaforandringer,2023-08-09,Skovbrande har opslugt turistdestinationer og dræbt seks i Hawaii,USA
klimakrisen,2023-08-09,"Ny alliance skaber håb for verdens største regnskov: Nu skal Amazonas reddes, før det er for sent",International
klimakrisen,2023-08-09,Det er kompliceret at begrænse solceller på landbrugsjord,Debatindlæg
klimaforandringer,2023-08-09,Eksperter undrer sig: Unesco fjerner berømt koralrev fra liste over truede økosystemer,Rejser
klimaforandringer,2023-08-09,"Ny alliance skaber håb for verdens største regnskov: Nu skal Amazonas reddes, før det er for sent",International
klimakrisen,2023-08-09,Alle bør være stolte over en vindmølle i baghaven,Debatindlæg
CO2-mål,2023-08-10,Håbede på 20-25.000 kr. til klimaprojekt: Beløbet de fik i støtte var et ganske andet,JP Aarhus
CO2-mål,2023-08-10,De nødvendige klimatiltag skal indføres nu,Kronik
CO2-reduktion,2023-08-10,Håbede på 20-25.000 kr. til klimaprojekt: Beløbet de fik i støtte var et ganske andet,JP Aarhus
klimaaftryk,2023-08-10,De nødvendige klimatiltag skal indføres nu,Kronik
klimakrisen,2023-08-10,Håbede på 20-25.000 kr. til klimaprojekt: Beløbet de fik i støtte var et ganske andet,JP Aarhus
CO2-udledninger,2023-08-10,De nødvendige klimatiltag skal indføres nu,Kronik
CO2-udledning,2023-08-10,Håbede på 20-25.000 kr. til klimaprojekt: Beløbet de fik i støtte var et ganske andet,JP Aarhus
klimaaftryk,2023-08-10,Håbede på 20-25.000 kr. til klimaprojekt: Beløbet de fik i støtte var et ganske andet,JP Aarhus
klimaforandringer,2023-08-11,Rekordvarm måned på toppen af Grønlands indlandsis,Indland
klimaforandringer,2023-08-11,"Niels Th. Dahl: Regeringens argumenter i koran-sagen stikker i alle retninger – men der er ét, den ikke vil sige så højt",Politik
klimaforandringer,2023-08-11,Værste katastrofe på Hawaii i 60 år: 53 døde i skovbrande,USA
klimaforandringer,2023-08-11,Østjysk vinproducent overrasket over klimaforandringer: Har foræret 1.000 vinstokke væk,JP Aarhus
CO2-udledning,2023-08-11,Vil skabe milliardfirma: Tre tidligere Arla-direktører vil revolutionere mejeribranchen,JP Erhverv
klimakrisen,2023-08-12,"Bor på 2,8 kvm: Han drømmer om en helt særlig slags landsby. Problemet er, at den er ulovlig",JP Aarhus
CO2-udledning,2023-08-12,Europæisk oprustning på grønt må ikke skubbe danske virksomheder bagerst i feltet,Debatindlæg
klimakrisen,2023-08-12,Værkstedspulje til moderne udstyr skal give flere unge lyst til at blive stolte faglærte,Debatindlæg
klimaaftryk,2023-08-12,"Bor på 2,8 kvm: Han drømmer om en helt særlig slags landsby. Problemet er, at den er ulovlig",JP Aarhus
CO2-mål,2023-08-13,"Kina er i gang med et megaprojekt, og det bliver formentlig færdig før tid",Asien
CO2-udledning,2023-08-13,Ambitiøse klimamål er ikke nok – der er også behov for teknologiske løsninger,Debatindlæg
klimakrisen,2023-08-14,Ophæv forbuddet mod atomkraft,Debatindlæg
klimaforandringer,2023-08-14,DMI: Nu kommer varmen. Men ...,Indland
klimakrisen,2023-08-14,"Her bestemmer børnene selv, hvornår de møder",JP Aarhus
